{"run_0": {"test_error": 1.084083578462014e-05, "training_time": 67.4153139591217}, "run_1": {"test_error": 1.1615095900197048e-05, "training_time": 66.77163600921631}, "run_2": {"test_error": 1.3128975297149736e-05, "training_time": 67.20154809951782}, "run_3": {"test_error": 1.922510637086816e-05, "training_time": 66.83946108818054}, "run_4": {"test_error": 1.9009456082130782e-05, "training_time": 66.84051418304443}}