{"run_0": {"test_error": 1.5109480955288745e-05, "training_time": 120.02577614784241}, "run_1": {"test_error": 4.882650046056369e-06, "training_time": 120.64544606208801}, "run_2": {"test_error": 5.18425258633215e-06, "training_time": 121.1674292087555}, "run_3": {"test_error": 7.178543455665931e-06, "training_time": 120.8877649307251}, "run_4": {"test_error": 1.076364605978597e-05, "training_time": 118.78682804107666}}