{"run_0": {"test_error": 8.155126124620438e-05, "training_time": 57.36582398414612}, "run_1": {"test_error": 0.0003828591725323349, "training_time": 56.72113585472107}, "run_2": {"test_error": 0.0002909011673182249, "training_time": 56.80476188659668}, "run_3": {"test_error": 0.00015727744903415442, "training_time": 56.749744176864624}, "run_4": {"test_error": 0.0008418250945396721, "training_time": 56.978758096694946}}